image_a,image_b,inlier_count,config
booth01_a3_1787070052150.jpg,booth01_a1_1787070019183.jpg,35,3
booth01_a3_1787070052150.jpg,booth02_a3_1787070104226.jpg,31,3
booth01_a3_1787070052150.jpg,booth03_a3_1787070825035.jpg,16,3
booth01_a3_1787070052150.jpg,booth02_a1_1787070070691.jpg,20,3
booth01_a3_1787070052150.jpg,booth11_a1_1787072510070.jpg,15,3
booth03_a1_1787070141591.jpg,booth01_a1_1787070019183.jpg,51,3
booth03_a1_1787070141591.jpg,booth02_a3_1787070104226.jpg,52,3
booth03_a1_1787070141591.jpg,booth04_a3_1787070900478.jpg,15,3
booth03_a1_1787070141591.jpg,booth03_a3_1787070825035.jpg,53,3
booth03_a1_1787070141591.jpg,booth02_a1_1787070070691.jpg,45,3
booth03_a1_1787070141591.jpg,booth01_a2_1787070037115.jpg,34,3
booth03_a1_1787070141591.jpg,booth03_a2_1787070152139.jpg,34,3
booth03_a1_1787070141591.jpg,booth06_a1_1787071684860.jpg,15,3
booth03_a1_1787070141591.jpg,booth05_a3_1787071656024.jpg,21,3
booth03_a1_1787070141591.jpg,booth04_a2_1787070881705.jpg,19,3
booth03_a1_1787070141591.jpg,booth02_a2_1787070091133.jpg,28,3
booth03_a1_1787070141591.jpg,booth04_a1_1787070866680.jpg,15,3
booth03_a1_1787070141591.jpg,booth05_a1_1787070942987.jpg,30,3
booth03_a1_1787070141591.jpg,booth06_a2_1787071694387.jpg,17,3
booth03_a1_1787070141591.jpg,booth05_a2_1787070958282.jpg,27,3
booth03_a1_1787070141591.jpg,booth06_a3_1787071706216.jpg,15,3
booth03_a1_1787070141591.jpg,booth07_a3_1787072118180.jpg,18,3
booth03_a1_1787070141591.jpg,booth08_a3_1787072151110.jpg,17,3
booth03_a1_1787070141591.jpg,booth07_a1_1787071736522.jpg,30,3
booth03_a1_1787070141591.jpg,booth09_a3_1787072204197.jpg,23,3
booth03_a1_1787070141591.jpg,booth08_a1_1787070145436.jpg,28,3
booth03_a1_1787070141591.jpg,booth09_a1_1787072159575.jpg,20,3
booth03_a1_1787070141591.jpg,booth08_a2_1787070160492.jpg,16,3
booth03_a1_1787070141591.jpg,booth07_a2_1787071748400.jpg,18,3
booth03_a1_1787070141591.jpg,booth09_a2_1787072171055.jpg,15,3
booth03_a1_1787070141591.jpg,booth10_a3_1787072470284.jpg,15,3
booth03_a1_1787070141591.jpg,booth11_a1_1787072510070.jpg,19,3
booth03_a1_1787070141591.jpg,booth11_a3_1787072531860.jpg,20,3
booth03_a1_1787070141591.jpg,booth12_a1_1787072574121.jpg,27,3
booth03_a1_1787070141591.jpg,booth11_a2_1787072522975.jpg,25,3
booth03_a1_1787070141591.jpg,booth12_a3_1787072832412.jpg,22,3
booth03_a1_1787070141591.jpg,booth13_a1_1787070148283.jpg,21,3
booth03_a1_1787070141591.jpg,booth12_a2_1787072821602.jpg,29,3
booth03_a1_1787070141591.jpg,booth13_a3_1787072876447.jpg,28,3
booth03_a1_1787070141591.jpg,booth13_a2_1787070161777.jpg,16,3
booth03_a1_1787070141591.jpg,booth15_a3_1787073807719.jpg,18,3
booth03_a1_1787070141591.jpg,booth15_a2_1787073799068.jpg,18,3
booth03_a1_1787070141591.jpg,booth16_a3_1787073886620.jpg,21,3
booth03_a1_1787070141591.jpg,booth16_a1_1787073863197.jpg,22,3
booth03_a1_1787070141591.jpg,booth17_a1_1787070145827.jpg,23,3
booth03_a1_1787070141591.jpg,booth15_a1_1787073788540.jpg,19,3
booth03_a1_1787070141591.jpg,booth16_a2_1787073875235.jpg,17,3
booth03_a1_1787070141591.jpg,booth17_a2_1787070163341.jpg,19,3
booth03_a1_1787070141591.jpg,booth18_a1_1787074134093.jpg,18,3
booth01_a1_1787070019183.jpg,booth02_a3_1787070104226.jpg,130,3
booth01_a1_1787070019183.jpg,booth03_a3_1787070825035.jpg,62,3
booth01_a1_1787070019183.jpg,booth02_a1_1787070070691.jpg,106,3
booth01_a1_1787070019183.jpg,booth01_a2_1787070037115.jpg,42,3
booth01_a1_1787070019183.jpg,booth03_a2_1787070152139.jpg,51,3
booth01_a1_1787070019183.jpg,booth06_a1_1787071684860.jpg,17,3
booth01_a1_1787070019183.jpg,booth05_a3_1787071656024.jpg,23,3
booth01_a1_1787070019183.jpg,booth04_a2_1787070881705.jpg,17,3
booth01_a1_1787070019183.jpg,booth02_a2_1787070091133.jpg,38,3
booth01_a1_1787070019183.jpg,booth05_a1_1787070942987.jpg,23,3
booth01_a1_1787070019183.jpg,booth05_a2_1787070958282.jpg,18,3
booth01_a1_1787070019183.jpg,booth06_a3_1787071706216.jpg,24,3
booth01_a1_1787070019183.jpg,booth07_a3_1787072118180.jpg,28,3
booth01_a1_1787070019183.jpg,booth08_a3_1787072151110.jpg,18,3
booth01_a1_1787070019183.jpg,booth07_a1_1787071736522.jpg,27,3
booth01_a1_1787070019183.jpg,booth09_a3_1787072204197.jpg,25,3
booth01_a1_1787070019183.jpg,booth08_a1_1787070145436.jpg,20,3
booth01_a1_1787070019183.jpg,booth09_a1_1787072159575.jpg,27,3
booth01_a1_1787070019183.jpg,booth08_a2_1787070160492.jpg,23,3
booth01_a1_1787070019183.jpg,booth07_a2_1787071748400.jpg,18,3
booth01_a1_1787070019183.jpg,booth09_a2_1787072171055.jpg,17,3
booth01_a1_1787070019183.jpg,booth10_a1_1787072215608.jpg,15,3
booth01_a1_1787070019183.jpg,booth11_a1_1787072510070.jpg,18,3
booth01_a1_1787070019183.jpg,booth11_a3_1787072531860.jpg,18,3
booth01_a1_1787070019183.jpg,booth12_a1_1787072574121.jpg,23,3
booth01_a1_1787070019183.jpg,booth11_a2_1787072522975.jpg,18,3
booth01_a1_1787070019183.jpg,booth12_a3_1787072832412.jpg,16,3
booth01_a1_1787070019183.jpg,booth13_a3_1787072876447.jpg,36,6
booth01_a1_1787070019183.jpg,booth13_a2_1787070161777.jpg,16,3
booth01_a1_1787070019183.jpg,booth15_a3_1787073807719.jpg,22,3
booth01_a1_1787070019183.jpg,booth15_a2_1787073799068.jpg,23,3
booth01_a1_1787070019183.jpg,booth16_a3_1787073886620.jpg,24,3
booth01_a1_1787070019183.jpg,booth16_a1_1787073863197.jpg,18,3
booth01_a1_1787070019183.jpg,booth17_a1_1787070145827.jpg,17,3
booth01_a1_1787070019183.jpg,booth15_a1_1787073788540.jpg,24,3
booth01_a1_1787070019183.jpg,booth17_a2_1787070163341.jpg,22,3
booth01_a1_1787070019183.jpg,booth18_a1_1787074134093.jpg,26,3
booth02_a3_1787070104226.jpg,booth03_a3_1787070825035.jpg,89,3
booth02_a3_1787070104226.jpg,booth02_a1_1787070070691.jpg,187,3
booth02_a3_1787070104226.jpg,booth01_a2_1787070037115.jpg,42,3
booth02_a3_1787070104226.jpg,booth03_a2_1787070152139.jpg,52,3
booth02_a3_1787070104226.jpg,booth05_a3_1787071656024.jpg,23,3
booth02_a3_1787070104226.jpg,booth02_a2_1787070091133.jpg,46,3
booth02_a3_1787070104226.jpg,booth05_a1_1787070942987.jpg,18,3
booth02_a3_1787070104226.jpg,booth05_a2_1787070958282.jpg,17,3
booth02_a3_1787070104226.jpg,booth06_a3_1787071706216.jpg,24,3
booth02_a3_1787070104226.jpg,booth07_a3_1787072118180.jpg,32,3
booth02_a3_1787070104226.jpg,booth08_a3_1787072151110.jpg,20,3
booth02_a3_1787070104226.jpg,booth07_a1_1787071736522.jpg,18,3
booth02_a3_1787070104226.jpg,booth09_a3_1787072204197.jpg,26,3
booth02_a3_1787070104226.jpg,booth09_a1_1787072159575.jpg,19,3
booth02_a3_1787070104226.jpg,booth08_a2_1787070160492.jpg,18,3
booth02_a3_1787070104226.jpg,booth07_a2_1787071748400.jpg,22,3
booth02_a3_1787070104226.jpg,booth09_a2_1787072171055.jpg,16,3
booth02_a3_1787070104226.jpg,booth10_a1_1787072215608.jpg,15,3
booth02_a3_1787070104226.jpg,booth10_a3_1787072470284.jpg,18,3
booth02_a3_1787070104226.jpg,booth11_a1_1787072510070.jpg,18,3
booth02_a3_1787070104226.jpg,booth11_a3_1787072531860.jpg,17,3
booth02_a3_1787070104226.jpg,booth12_a1_1787072574121.jpg,15,3
booth02_a3_1787070104226.jpg,booth11_a2_1787072522975.jpg,18,3
booth02_a3_1787070104226.jpg,booth12_a3_1787072832412.jpg,17,3
booth02_a3_1787070104226.jpg,booth13_a1_1787070148283.jpg,15,3
booth02_a3_1787070104226.jpg,booth12_a2_1787072821602.jpg,16,3
booth02_a3_1787070104226.jpg,booth13_a3_1787072876447.jpg,62,6
booth02_a3_1787070104226.jpg,booth13_a2_1787070161777.jpg,18,3
booth02_a3_1787070104226.jpg,booth15_a3_1787073807719.jpg,32,6
booth02_a3_1787070104226.jpg,booth15_a2_1787073799068.jpg,20,3
booth02_a3_1787070104226.jpg,booth16_a3_1787073886620.jpg,20,3
booth02_a3_1787070104226.jpg,booth16_a1_1787073863197.jpg,16,3
booth02_a3_1787070104226.jpg,booth17_a1_1787070145827.jpg,19,3
booth02_a3_1787070104226.jpg,booth15_a1_1787073788540.jpg,29,3
booth02_a3_1787070104226.jpg,booth17_a2_1787070163341.jpg,20,3
booth02_a3_1787070104226.jpg,booth18_a1_1787074134093.jpg,26,3
booth04_a3_1787070900478.jpg,booth01_a2_1787070037115.jpg,17,3
booth04_a3_1787070900478.jpg,booth03_a2_1787070152139.jpg,15,3
booth04_a3_1787070900478.jpg,booth06_a1_1787071684860.jpg,24,3
booth04_a3_1787070900478.jpg,booth04_a2_1787070881705.jpg,19,3
booth04_a3_1787070900478.jpg,booth04_a1_1787070866680.jpg,17,3
booth04_a3_1787070900478.jpg,booth06_a2_1787071694387.jpg,15,3
booth04_a3_1787070900478.jpg,booth05_a2_1787070958282.jpg,15,3
booth04_a3_1787070900478.jpg,booth07_a1_1787071736522.jpg,15,3
booth04_a3_1787070900478.jpg,booth08_a1_1787070145436.jpg,17,3
booth04_a3_1787070900478.jpg,booth08_a2_1787070160492.jpg,25,3
booth04_a3_1787070900478.jpg,booth07_a2_1787071748400.jpg,15,3
booth04_a3_1787070900478.jpg,booth09_a2_1787072171055.jpg,17,3
booth04_a3_1787070900478.jpg,booth11_a1_1787072510070.jpg,17,3
booth04_a3_1787070900478.jpg,booth12_a1_1787072574121.jpg,15,3
booth04_a3_1787070900478.jpg,booth18_a1_1787074134093.jpg,17,3
booth03_a3_1787070825035.jpg,booth02_a1_1787070070691.jpg,64,3
booth03_a3_1787070825035.jpg,booth01_a2_1787070037115.jpg,35,3
booth03_a3_1787070825035.jpg,booth03_a2_1787070152139.jpg,50,3
booth03_a3_1787070825035.jpg,booth06_a1_1787071684860.jpg,16,3
booth03_a3_1787070825035.jpg,booth05_a3_1787071656024.jpg,20,3
booth03_a3_1787070825035.jpg,booth02_a2_1787070091133.jpg,35,3
booth03_a3_1787070825035.jpg,booth04_a1_1787070866680.jpg,15,3
booth03_a3_1787070825035.jpg,booth05_a1_1787070942987.jpg,17,3
booth03_a3_1787070825035.jpg,booth06_a2_1787071694387.jpg,18,3
booth03_a3_1787070825035.jpg,booth05_a2_1787070958282.jpg,22,3
booth03_a3_1787070825035.jpg,booth06_a3_1787071706216.jpg,22,3
booth03_a3_1787070825035.jpg,booth07_a3_1787072118180.jpg,35,3
booth03_a3_1787070825035.jpg,booth08_a3_1787072151110.jpg,16,3
booth03_a3_1787070825035.jpg,booth07_a1_1787071736522.jpg,17,3
booth03_a3_1787070825035.jpg,booth09_a3_1787072204197.jpg,29,3
booth03_a3_1787070825035.jpg,booth09_a1_1787072159575.jpg,29,3
booth03_a3_1787070825035.jpg,booth08_a2_1787070160492.jpg,23,3
booth03_a3_1787070825035.jpg,booth10_a3_1787072470284.jpg,20,3
booth03_a3_1787070825035.jpg,booth11_a1_1787072510070.jpg,20,3
booth03_a3_1787070825035.jpg,booth11_a3_1787072531860.jpg,24,3
booth03_a3_1787070825035.jpg,booth12_a1_1787072574121.jpg,21,3
booth03_a3_1787070825035.jpg,booth11_a2_1787072522975.jpg,19,3
booth03_a3_1787070825035.jpg,booth12_a3_1787072832412.jpg,18,3
booth03_a3_1787070825035.jpg,booth13_a1_1787070148283.jpg,16,3
booth03_a3_1787070825035.jpg,booth13_a3_1787072876447.jpg,30,3
booth03_a3_1787070825035.jpg,booth13_a2_1787070161777.jpg,19,3
booth03_a3_1787070825035.jpg,booth15_a3_1787073807719.jpg,39,6
booth03_a3_1787070825035.jpg,booth15_a2_1787073799068.jpg,25,3
booth03_a3_1787070825035.jpg,booth16_a3_1787073886620.jpg,27,3
booth03_a3_1787070825035.jpg,booth17_a1_1787070145827.jpg,20,3
booth03_a3_1787070825035.jpg,booth15_a1_1787073788540.jpg,27,3
booth03_a3_1787070825035.jpg,booth16_a2_1787073875235.jpg,15,3
booth03_a3_1787070825035.jpg,booth17_a2_1787070163341.jpg,24,3
booth03_a3_1787070825035.jpg,booth18_a1_1787074134093.jpg,23,3
booth02_a1_1787070070691.jpg,booth01_a2_1787070037115.jpg,40,3
booth02_a1_1787070070691.jpg,booth03_a2_1787070152139.jpg,50,3
booth02_a1_1787070070691.jpg,booth06_a1_1787071684860.jpg,17,3
booth02_a1_1787070070691.jpg,booth05_a3_1787071656024.jpg,20,3
booth02_a1_1787070070691.jpg,booth04_a2_1787070881705.jpg,15,3
booth02_a1_1787070070691.jpg,booth02_a2_1787070091133.jpg,41,3
booth02_a1_1787070070691.jpg,booth04_a1_1787070866680.jpg,15,3
booth02_a1_1787070070691.jpg,booth05_a1_1787070942987.jpg,21,3
booth02_a1_1787070070691.jpg,booth06_a2_1787071694387.jpg,15,3
booth02_a1_1787070070691.jpg,booth05_a2_1787070958282.jpg,20,3
booth02_a1_1787070070691.jpg,booth06_a3_1787071706216.jpg,22,3
booth02_a1_1787070070691.jpg,booth07_a3_1787072118180.jpg,33,3
booth02_a1_1787070070691.jpg,booth08_a3_1787072151110.jpg,22,3
booth02_a1_1787070070691.jpg,booth07_a1_1787071736522.jpg,21,3
booth02_a1_1787070070691.jpg,booth09_a3_1787072204197.jpg,24,3
booth02_a1_1787070070691.jpg,booth08_a1_1787070145436.jpg,15,3
booth02_a1_1787070070691.jpg,booth09_a1_1787072159575.jpg,19,3
booth02_a1_1787070070691.jpg,booth08_a2_1787070160492.jpg,19,3
booth02_a1_1787070070691.jpg,booth07_a2_1787071748400.jpg,18,3
booth02_a1_1787070070691.jpg,booth09_a2_1787072171055.jpg,17,3
booth02_a1_1787070070691.jpg,booth10_a1_1787072215608.jpg,15,3
booth02_a1_1787070070691.jpg,booth10_a3_1787072470284.jpg,15,3
booth02_a1_1787070070691.jpg,booth11_a1_1787072510070.jpg,15,3
booth02_a1_1787070070691.jpg,booth11_a3_1787072531860.jpg,20,3
booth02_a1_1787070070691.jpg,booth12_a1_1787072574121.jpg,16,3
booth02_a1_1787070070691.jpg,booth11_a2_1787072522975.jpg,20,3
booth02_a1_1787070070691.jpg,booth12_a3_1787072832412.jpg,17,3
booth02_a1_1787070070691.jpg,booth12_a2_1787072821602.jpg,17,3
booth02_a1_1787070070691.jpg,booth13_a3_1787072876447.jpg,31,3
booth02_a1_1787070070691.jpg,booth15_a3_1787073807719.jpg,27,3
booth02_a1_1787070070691.jpg,booth15_a2_1787073799068.jpg,26,3
booth02_a1_1787070070691.jpg,booth16_a3_1787073886620.jpg,26,3
booth02_a1_1787070070691.jpg,booth16_a1_1787073863197.jpg,19,3
booth02_a1_1787070070691.jpg,booth17_a1_1787070145827.jpg,16,3
booth02_a1_1787070070691.jpg,booth15_a1_1787073788540.jpg,23,3
booth02_a1_1787070070691.jpg,booth17_a2_1787070163341.jpg,21,3
booth02_a1_1787070070691.jpg,booth18_a1_1787074134093.jpg,23,3
booth01_a2_1787070037115.jpg,booth03_a2_1787070152139.jpg,48,3
booth01_a2_1787070037115.jpg,booth06_a1_1787071684860.jpg,15,3
booth01_a2_1787070037115.jpg,booth02_a2_1787070091133.jpg,69,3
booth01_a2_1787070037115.jpg,booth04_a1_1787070866680.jpg,15,3
booth01_a2_1787070037115.jpg,booth05_a1_1787070942987.jpg,16,3
booth01_a2_1787070037115.jpg,booth05_a2_1787070958282.jpg,22,3
booth01_a2_1787070037115.jpg,booth06_a3_1787071706216.jpg,17,3
booth01_a2_1787070037115.jpg,booth07_a3_1787072118180.jpg,25,3
booth01_a2_1787070037115.jpg,booth08_a3_1787072151110.jpg,25,3
booth01_a2_1787070037115.jpg,booth07_a1_1787071736522.jpg,17,3
booth01_a2_1787070037115.jpg,booth09_a3_1787072204197.jpg,18,3
booth01_a2_1787070037115.jpg,booth09_a1_1787072159575.jpg,18,3
booth01_a2_1787070037115.jpg,booth08_a2_1787070160492.jpg,18,3
booth01_a2_1787070037115.jpg,booth07_a2_1787071748400.jpg,20,3
booth01_a2_1787070037115.jpg,booth10_a1_1787072215608.jpg,15,3
booth01_a2_1787070037115.jpg,booth10_a3_1787072470284.jpg,18,3
booth01_a2_1787070037115.jpg,booth10_a2_1787072461761.jpg,17,3
booth01_a2_1787070037115.jpg,booth11_a1_1787072510070.jpg,21,3
booth01_a2_1787070037115.jpg,booth11_a3_1787072531860.jpg,17,3
booth01_a2_1787070037115.jpg,booth12_a1_1787072574121.jpg,21,3
booth01_a2_1787070037115.jpg,booth11_a2_1787072522975.jpg,22,3
booth01_a2_1787070037115.jpg,booth12_a3_1787072832412.jpg,17,3
booth01_a2_1787070037115.jpg,booth13_a1_1787070148283.jpg,18,3
booth01_a2_1787070037115.jpg,booth12_a2_1787072821602.jpg,17,3
booth01_a2_1787070037115.jpg,booth13_a3_1787072876447.jpg,22,3
booth01_a2_1787070037115.jpg,booth13_a2_1787070161777.jpg,23,3
booth01_a2_1787070037115.jpg,booth15_a2_1787073799068.jpg,19,3
booth01_a2_1787070037115.jpg,booth16_a3_1787073886620.jpg,18,3
booth01_a2_1787070037115.jpg,booth16_a1_1787073863197.jpg,17,3
booth01_a2_1787070037115.jpg,booth15_a1_1787073788540.jpg,16,3
booth01_a2_1787070037115.jpg,booth16_a2_1787073875235.jpg,16,3
booth01_a2_1787070037115.jpg,booth17_a2_1787070163341.jpg,30,3
booth01_a2_1787070037115.jpg,booth18_a1_1787074134093.jpg,32,3
booth03_a2_1787070152139.jpg,booth06_a1_1787071684860.jpg,20,3
booth03_a2_1787070152139.jpg,booth05_a3_1787071656024.jpg,19,3
booth03_a2_1787070152139.jpg,booth04_a2_1787070881705.jpg,23,3
booth03_a2_1787070152139.jpg,booth02_a2_1787070091133.jpg,35,3
booth03_a2_1787070152139.jpg,booth05_a1_1787070942987.jpg,22,3
booth03_a2_1787070152139.jpg,booth06_a2_1787071694387.jpg,15,3
booth03_a2_1787070152139.jpg,booth06_a3_1787071706216.jpg,18,3
booth03_a2_1787070152139.jpg,booth07_a3_1787072118180.jpg,29,3
booth03_a2_1787070152139.jpg,booth08_a3_1787072151110.jpg,19,3
booth03_a2_1787070152139.jpg,booth07_a1_1787071736522.jpg,23,3
booth03_a2_1787070152139.jpg,booth09_a3_1787072204197.jpg,24,3
booth03_a2_1787070152139.jpg,booth08_a1_1787070145436.jpg,17,3
booth03_a2_1787070152139.jpg,booth09_a1_1787072159575.jpg,20,3
booth03_a2_1787070152139.jpg,booth08_a2_1787070160492.jpg,18,3
booth03_a2_1787070152139.jpg,booth07_a2_1787071748400.jpg,20,3
booth03_a2_1787070152139.jpg,booth11_a1_1787072510070.jpg,15,3
booth03_a2_1787070152139.jpg,booth11_a3_1787072531860.jpg,16,3
booth03_a2_1787070152139.jpg,booth12_a1_1787072574121.jpg,20,3
booth03_a2_1787070152139.jpg,booth11_a2_1787072522975.jpg,20,3
booth03_a2_1787070152139.jpg,booth12_a3_1787072832412.jpg,19,3
booth03_a2_1787070152139.jpg,booth13_a1_1787070148283.jpg,17,3
booth03_a2_1787070152139.jpg,booth12_a2_1787072821602.jpg,19,3
booth03_a2_1787070152139.jpg,booth13_a3_1787072876447.jpg,31,6
booth03_a2_1787070152139.jpg,booth13_a2_1787070161777.jpg,19,3
booth03_a2_1787070152139.jpg,booth15_a3_1787073807719.jpg,19,3
booth03_a2_1787070152139.jpg,booth15_a2_1787073799068.jpg,19,3
booth03_a2_1787070152139.jpg,booth16_a3_1787073886620.jpg,29,3
booth03_a2_1787070152139.jpg,booth16_a1_1787073863197.jpg,17,3
booth03_a2_1787070152139.jpg,booth17_a1_1787070145827.jpg,15,3
booth03_a2_1787070152139.jpg,booth15_a1_1787073788540.jpg,18,3
booth03_a2_1787070152139.jpg,booth17_a2_1787070163341.jpg,23,3
booth03_a2_1787070152139.jpg,booth18_a1_1787074134093.jpg,24,3
booth06_a1_1787071684860.jpg,booth05_a3_1787071656024.jpg,16,3
booth06_a1_1787071684860.jpg,booth04_a2_1787070881705.jpg,37,3
booth06_a1_1787071684860.jpg,booth04_a1_1787070866680.jpg,71,6
booth06_a1_1787071684860.jpg,booth05_a1_1787070942987.jpg,20,3
booth06_a1_1787071684860.jpg,booth06_a2_1787071694387.jpg,22,3
booth06_a1_1787071684860.jpg,booth06_a3_1787071706216.jpg,16,3
booth06_a1_1787071684860.jpg,booth07_a3_1787072118180.jpg,41,3
booth06_a1_1787071684860.jpg,booth08_a3_1787072151110.jpg,16,3
booth06_a1_1787071684860.jpg,booth08_a2_1787070160492.jpg,45,3
booth06_a1_1787071684860.jpg,booth09_a2_1787072171055.jpg,15,3
booth06_a1_1787071684860.jpg,booth10_a3_1787072470284.jpg,15,3
booth06_a1_1787071684860.jpg,booth11_a1_1787072510070.jpg,23,3
booth06_a1_1787071684860.jpg,booth12_a1_1787072574121.jpg,15,3
booth06_a1_1787071684860.jpg,booth11_a2_1787072522975.jpg,15,3
booth06_a1_1787071684860.jpg,booth13_a1_1787070148283.jpg,15,3
booth06_a1_1787071684860.jpg,booth15_a2_1787073799068.jpg,15,3
booth05_a3_1787071656024.jpg,booth04_a1_1787070866680.jpg,22,3
booth05_a3_1787071656024.jpg,booth05_a1_1787070942987.jpg,717,3
booth05_a3_1787071656024.jpg,booth06_a2_1787071694387.jpg,21,3
booth05_a3_1787071656024.jpg,booth05_a2_1787070958282.jpg,16,3
booth05_a3_1787071656024.jpg,booth06_a3_1787071706216.jpg,87,6
booth05_a3_1787071656024.jpg,booth07_a3_1787072118180.jpg,84,6
booth05_a3_1787071656024.jpg,booth07_a1_1787071736522.jpg,58,3
booth05_a3_1787071656024.jpg,booth08_a1_1787070145436.jpg,42,3
booth05_a3_1787071656024.jpg,booth08_a2_1787070160492.jpg,22,3
booth05_a3_1787071656024.jpg,booth13_a1_1787070148283.jpg,72,6
booth05_a3_1787071656024.jpg,booth13_a3_1787072876447.jpg,36,6
booth05_a3_1787071656024.jpg,booth13_a2_1787070161777.jpg,19,3
booth05_a3_1787071656024.jpg,booth15_a3_1787073807719.jpg,25,3
booth05_a3_1787071656024.jpg,booth17_a1_1787070145827.jpg,16,3
booth05_a3_1787071656024.jpg,booth15_a1_1787073788540.jpg,18,3
booth05_a3_1787071656024.jpg,booth16_a2_1787073875235.jpg,24,3
booth05_a3_1787071656024.jpg,booth17_a2_1787070163341.jpg,17,3
booth05_a3_1787071656024.jpg,booth18_a1_1787074134093.jpg,15,3
booth04_a2_1787070881705.jpg,booth04_a1_1787070866680.jpg,27,3
booth04_a2_1787070881705.jpg,booth05_a1_1787070942987.jpg,22,3
booth04_a2_1787070881705.jpg,booth06_a2_1787071694387.jpg,28,3
booth04_a2_1787070881705.jpg,booth05_a2_1787070958282.jpg,21,3
booth04_a2_1787070881705.jpg,booth07_a3_1787072118180.jpg,33,3
booth04_a2_1787070881705.jpg,booth08_a3_1787072151110.jpg,15,3
booth04_a2_1787070881705.jpg,booth07_a1_1787071736522.jpg,19,3
booth04_a2_1787070881705.jpg,booth08_a1_1787070145436.jpg,20,3
booth04_a2_1787070881705.jpg,booth08_a2_1787070160492.jpg,26,3
booth04_a2_1787070881705.jpg,booth07_a2_1787071748400.jpg,21,3
booth04_a2_1787070881705.jpg,booth09_a2_1787072171055.jpg,15,3
booth04_a2_1787070881705.jpg,booth10_a3_1787072470284.jpg,19,3
booth04_a2_1787070881705.jpg,booth11_a1_1787072510070.jpg,22,3
booth04_a2_1787070881705.jpg,booth12_a1_1787072574121.jpg,19,3
booth04_a2_1787070881705.jpg,booth11_a2_1787072522975.jpg,15,3
booth04_a2_1787070881705.jpg,booth12_a3_1787072832412.jpg,15,3
booth04_a2_1787070881705.jpg,booth13_a1_1787070148283.jpg,16,3
booth04_a2_1787070881705.jpg,booth12_a2_1787072821602.jpg,25,3
booth04_a2_1787070881705.jpg,booth13_a2_1787070161777.jpg,15,3
booth04_a2_1787070881705.jpg,booth16_a3_1787073886620.jpg,19,3
booth04_a2_1787070881705.jpg,booth16_a1_1787073863197.jpg,19,3
booth02_a2_1787070091133.jpg,booth04_a1_1787070866680.jpg,15,3
booth02_a2_1787070091133.jpg,booth05_a1_1787070942987.jpg,15,3
booth02_a2_1787070091133.jpg,booth05_a2_1787070958282.jpg,28,3
booth02_a2_1787070091133.jpg,booth06_a3_1787071706216.jpg,19,3
booth02_a2_1787070091133.jpg,booth07_a3_1787072118180.jpg,20,3
booth02_a2_1787070091133.jpg,booth08_a3_1787072151110.jpg,16,3
booth02_a2_1787070091133.jpg,booth09_a3_1787072204197.jpg,20,3
booth02_a2_1787070091133.jpg,booth09_a1_1787072159575.jpg,15,3
booth02_a2_1787070091133.jpg,booth08_a2_1787070160492.jpg,17,3
booth02_a2_1787070091133.jpg,booth07_a2_1787071748400.jpg,21,3
booth02_a2_1787070091133.jpg,booth10_a1_1787072215608.jpg,19,3
booth02_a2_1787070091133.jpg,booth10_a3_1787072470284.jpg,16,3
booth02_a2_1787070091133.jpg,booth11_a3_1787072531860.jpg,17,3
booth02_a2_1787070091133.jpg,booth12_a1_1787072574121.jpg,21,3
booth02_a2_1787070091133.jpg,booth11_a2_1787072522975.jpg,18,3
booth02_a2_1787070091133.jpg,booth12_a3_1787072832412.jpg,18,3
booth02_a2_1787070091133.jpg,booth13_a1_1787070148283.jpg,18,3
booth02_a2_1787070091133.jpg,booth12_a2_1787072821602.jpg,21,3
booth02_a2_1787070091133.jpg,booth13_a3_1787072876447.jpg,22,3
booth02_a2_1787070091133.jpg,booth13_a2_1787070161777.jpg,21,3
booth02_a2_1787070091133.jpg,booth15_a2_1787073799068.jpg,28,3
booth02_a2_1787070091133.jpg,booth16_a3_1787073886620.jpg,20,3
booth02_a2_1787070091133.jpg,booth16_a1_1787073863197.jpg,18,3
booth02_a2_1787070091133.jpg,booth17_a1_1787070145827.jpg,16,3
booth02_a2_1787070091133.jpg,booth15_a1_1787073788540.jpg,19,3
booth02_a2_1787070091133.jpg,booth17_a2_1787070163341.jpg,23,3
booth02_a2_1787070091133.jpg,booth18_a1_1787074134093.jpg,27,3
booth04_a1_1787070866680.jpg,booth05_a1_1787070942987.jpg,27,3
booth04_a1_1787070866680.jpg,booth06_a2_1787071694387.jpg,21,3
booth04_a1_1787070866680.jpg,booth06_a3_1787071706216.jpg,15,3
booth04_a1_1787070866680.jpg,booth07_a3_1787072118180.jpg,28,3
booth04_a1_1787070866680.jpg,booth08_a3_1787072151110.jpg,21,3
booth04_a1_1787070866680.jpg,booth08_a1_1787070145436.jpg,18,3
booth04_a1_1787070866680.jpg,booth08_a2_1787070160492.jpg,56,3
booth04_a1_1787070866680.jpg,booth11_a2_1787072522975.jpg,18,3
booth04_a1_1787070866680.jpg,booth13_a2_1787070161777.jpg,16,3
booth05_a1_1787070942987.jpg,booth06_a2_1787071694387.jpg,26,3
booth05_a1_1787070942987.jpg,booth05_a2_1787070958282.jpg,22,3
booth05_a1_1787070942987.jpg,booth06_a3_1787071706216.jpg,66,6
booth05_a1_1787070942987.jpg,booth07_a3_1787072118180.jpg,62,3
booth05_a1_1787070942987.jpg,booth07_a1_1787071736522.jpg,61,3
booth05_a1_1787070942987.jpg,booth08_a1_1787070145436.jpg,45,3
booth05_a1_1787070942987.jpg,booth09_a1_1787072159575.jpg,19,3
booth05_a1_1787070942987.jpg,booth08_a2_1787070160492.jpg,25,3
booth05_a1_1787070942987.jpg,booth07_a2_1787071748400.jpg,25,3
booth05_a1_1787070942987.jpg,booth09_a2_1787072171055.jpg,18,3
booth05_a1_1787070942987.jpg,booth10_a3_1787072470284.jpg,16,3
booth05_a1_1787070942987.jpg,booth11_a1_1787072510070.jpg,16,3
booth05_a1_1787070942987.jpg,booth11_a3_1787072531860.jpg,22,3
booth05_a1_1787070942987.jpg,booth12_a1_1787072574121.jpg,16,3
booth05_a1_1787070942987.jpg,booth11_a2_1787072522975.jpg,18,3
booth05_a1_1787070942987.jpg,booth12_a3_1787072832412.jpg,23,3
booth05_a1_1787070942987.jpg,booth13_a1_1787070148283.jpg,68,6
booth05_a1_1787070942987.jpg,booth12_a2_1787072821602.jpg,26,3
booth05_a1_1787070942987.jpg,booth13_a3_1787072876447.jpg,29,3
booth05_a1_1787070942987.jpg,booth13_a2_1787070161777.jpg,18,3
booth05_a1_1787070942987.jpg,booth15_a3_1787073807719.jpg,21,3
booth05_a1_1787070942987.jpg,booth15_a2_1787073799068.jpg,18,3
booth05_a1_1787070942987.jpg,booth16_a3_1787073886620.jpg,24,3
booth05_a1_1787070942987.jpg,booth16_a1_1787073863197.jpg,19,3
booth05_a1_1787070942987.jpg,booth17_a1_1787070145827.jpg,20,3
booth05_a1_1787070942987.jpg,booth15_a1_1787073788540.jpg,15,3
booth05_a1_1787070942987.jpg,booth16_a2_1787073875235.jpg,17,3
booth06_a2_1787071694387.jpg,booth06_a3_1787071706216.jpg,15,3
booth06_a2_1787071694387.jpg,booth07_a3_1787072118180.jpg,22,3
booth06_a2_1787071694387.jpg,booth07_a1_1787071736522.jpg,20,3
booth06_a2_1787071694387.jpg,booth08_a1_1787070145436.jpg,19,3
booth06_a2_1787071694387.jpg,booth08_a2_1787070160492.jpg,17,3
booth06_a2_1787071694387.jpg,booth12_a1_1787072574121.jpg,16,3
booth06_a2_1787071694387.jpg,booth13_a1_1787070148283.jpg,21,3
booth06_a2_1787071694387.jpg,booth15_a3_1787073807719.jpg,15,3
booth05_a2_1787070958282.jpg,booth06_a3_1787071706216.jpg,16,3
booth05_a2_1787070958282.jpg,booth07_a3_1787072118180.jpg,17,3
booth05_a2_1787070958282.jpg,booth08_a1_1787070145436.jpg,18,3
booth05_a2_1787070958282.jpg,booth09_a1_1787072159575.jpg,16,3
booth05_a2_1787070958282.jpg,booth08_a2_1787070160492.jpg,17,3
booth05_a2_1787070958282.jpg,booth07_a2_1787071748400.jpg,52,3
booth05_a2_1787070958282.jpg,booth09_a2_1787072171055.jpg,15,3
booth05_a2_1787070958282.jpg,booth11_a1_1787072510070.jpg,19,3
booth05_a2_1787070958282.jpg,booth11_a3_1787072531860.jpg,16,3
booth05_a2_1787070958282.jpg,booth12_a1_1787072574121.jpg,18,3
booth05_a2_1787070958282.jpg,booth11_a2_1787072522975.jpg,21,3
booth05_a2_1787070958282.jpg,booth12_a3_1787072832412.jpg,20,3
booth05_a2_1787070958282.jpg,booth13_a1_1787070148283.jpg,18,3
booth05_a2_1787070958282.jpg,booth12_a2_1787072821602.jpg,26,3
booth05_a2_1787070958282.jpg,booth15_a2_1787073799068.jpg,23,3
booth05_a2_1787070958282.jpg,booth16_a3_1787073886620.jpg,25,3
booth05_a2_1787070958282.jpg,booth16_a1_1787073863197.jpg,17,3
booth05_a2_1787070958282.jpg,booth15_a1_1787073788540.jpg,15,3
booth05_a2_1787070958282.jpg,booth17_a2_1787070163341.jpg,16,3
booth05_a2_1787070958282.jpg,booth18_a1_1787074134093.jpg,19,3
booth06_a3_1787071706216.jpg,booth07_a3_1787072118180.jpg,136,6
booth06_a3_1787071706216.jpg,booth07_a1_1787071736522.jpg,18,3
booth06_a3_1787071706216.jpg,booth08_a2_1787070160492.jpg,16,3
booth06_a3_1787071706216.jpg,booth13_a1_1787070148283.jpg,46,6
booth06_a3_1787071706216.jpg,booth13_a3_1787072876447.jpg,35,3
booth06_a3_1787071706216.jpg,booth13_a2_1787070161777.jpg,17,3
booth06_a3_1787071706216.jpg,booth14_a1_1787072887703.jpg,16,3
booth06_a3_1787071706216.jpg,booth15_a3_1787073807719.jpg,18,3
booth06_a3_1787071706216.jpg,booth15_a2_1787073799068.jpg,17,3
booth06_a3_1787071706216.jpg,booth17_a1_1787070145827.jpg,18,3
booth06_a3_1787071706216.jpg,booth15_a1_1787073788540.jpg,19,3
booth06_a3_1787071706216.jpg,booth16_a2_1787073875235.jpg,24,3
booth06_a3_1787071706216.jpg,booth17_a2_1787070163341.jpg,16,3
booth06_a3_1787071706216.jpg,booth18_a1_1787074134093.jpg,22,3
booth07_a3_1787072118180.jpg,booth08_a3_1787072151110.jpg,21,3
booth07_a3_1787072118180.jpg,booth07_a1_1787071736522.jpg,22,3
booth07_a3_1787072118180.jpg,booth08_a2_1787070160492.jpg,29,3
booth07_a3_1787072118180.jpg,booth09_a2_1787072171055.jpg,18,3
booth07_a3_1787072118180.jpg,booth10_a3_1787072470284.jpg,20,3
booth07_a3_1787072118180.jpg,booth11_a1_1787072510070.jpg,25,3
booth07_a3_1787072118180.jpg,booth11_a2_1787072522975.jpg,21,3
booth07_a3_1787072118180.jpg,booth13_a1_1787070148283.jpg,61,6
booth07_a3_1787072118180.jpg,booth13_a3_1787072876447.jpg,35,6
booth07_a3_1787072118180.jpg,booth13_a2_1787070161777.jpg,25,3
booth07_a3_1787072118180.jpg,booth15_a3_1787073807719.jpg,22,3
booth07_a3_1787072118180.jpg,booth15_a2_1787073799068.jpg,18,3
booth07_a3_1787072118180.jpg,booth16_a3_1787073886620.jpg,18,3
booth07_a3_1787072118180.jpg,booth17_a1_1787070145827.jpg,16,3
booth07_a3_1787072118180.jpg,booth15_a1_1787073788540.jpg,23,3
booth07_a3_1787072118180.jpg,booth16_a2_1787073875235.jpg,21,3
booth07_a3_1787072118180.jpg,booth17_a2_1787070163341.jpg,18,3
booth07_a3_1787072118180.jpg,booth18_a1_1787074134093.jpg,23,3
booth08_a3_1787072151110.jpg,booth09_a1_1787072159575.jpg,20,3
booth08_a3_1787072151110.jpg,booth08_a2_1787070160492.jpg,24,3
booth08_a3_1787072151110.jpg,booth07_a2_1787071748400.jpg,19,3
booth08_a3_1787072151110.jpg,booth11_a3_1787072531860.jpg,22,3
booth08_a3_1787072151110.jpg,booth12_a1_1787072574121.jpg,33,3
booth08_a3_1787072151110.jpg,booth11_a2_1787072522975.jpg,24,3
booth08_a3_1787072151110.jpg,booth12_a3_1787072832412.jpg,18,3
booth08_a3_1787072151110.jpg,booth13_a1_1787070148283.jpg,16,3
booth08_a3_1787072151110.jpg,booth12_a2_1787072821602.jpg,21,3
booth08_a3_1787072151110.jpg,booth13_a3_1787072876447.jpg,24,3
booth08_a3_1787072151110.jpg,booth13_a2_1787070161777.jpg,27,3
booth08_a3_1787072151110.jpg,booth16_a3_1787073886620.jpg,23,3
booth08_a3_1787072151110.jpg,booth17_a2_1787070163341.jpg,23,3
booth07_a1_1787071736522.jpg,booth08_a1_1787070145436.jpg,43,3
booth07_a1_1787071736522.jpg,booth09_a1_1787072159575.jpg,15,3
booth07_a1_1787071736522.jpg,booth08_a2_1787070160492.jpg,16,3
booth07_a1_1787071736522.jpg,booth07_a2_1787071748400.jpg,17,3
booth07_a1_1787071736522.jpg,booth09_a2_1787072171055.jpg,18,3
booth07_a1_1787071736522.jpg,booth11_a1_1787072510070.jpg,20,3
booth07_a1_1787071736522.jpg,booth11_a3_1787072531860.jpg,18,3
booth07_a1_1787071736522.jpg,booth12_a1_1787072574121.jpg,18,3
booth07_a1_1787071736522.jpg,booth12_a3_1787072832412.jpg,15,3
booth07_a1_1787071736522.jpg,booth12_a2_1787072821602.jpg,18,3
booth07_a1_1787071736522.jpg,booth13_a2_1787070161777.jpg,20,3
booth07_a1_1787071736522.jpg,booth15_a3_1787073807719.jpg,16,3
booth07_a1_1787071736522.jpg,booth16_a3_1787073886620.jpg,16,3
booth07_a1_1787071736522.jpg,booth17_a1_1787070145827.jpg,24,3
booth07_a1_1787071736522.jpg,booth15_a1_1787073788540.jpg,15,3
booth07_a1_1787071736522.jpg,booth18_a1_1787074134093.jpg,17,3
booth09_a3_1787072204197.jpg,booth09_a1_1787072159575.jpg,66,6
booth09_a3_1787072204197.jpg,booth08_a2_1787070160492.jpg,15,3
booth09_a3_1787072204197.jpg,booth07_a2_1787071748400.jpg,17,3
booth09_a3_1787072204197.jpg,booth09_a2_1787072171055.jpg,18,3
booth09_a3_1787072204197.jpg,booth10_a1_1787072215608.jpg,18,3
booth09_a3_1787072204197.jpg,booth10_a3_1787072470284.jpg,18,3
booth09_a3_1787072204197.jpg,booth11_a3_1787072531860.jpg,15,3
booth09_a3_1787072204197.jpg,booth12_a1_1787072574121.jpg,18,3
booth09_a3_1787072204197.jpg,booth11_a2_1787072522975.jpg,16,3
booth09_a3_1787072204197.jpg,booth12_a3_1787072832412.jpg,18,3
booth09_a3_1787072204197.jpg,booth12_a2_1787072821602.jpg,17,3
booth09_a3_1787072204197.jpg,booth13_a3_1787072876447.jpg,26,3
booth09_a3_1787072204197.jpg,booth15_a2_1787073799068.jpg,20,3
booth09_a3_1787072204197.jpg,booth16_a3_1787073886620.jpg,20,3
booth09_a3_1787072204197.jpg,booth16_a1_1787073863197.jpg,18,3
booth08_a1_1787070145436.jpg,booth08_a2_1787070160492.jpg,29,3
booth08_a1_1787070145436.jpg,booth07_a2_1787071748400.jpg,17,3
booth08_a1_1787070145436.jpg,booth09_a2_1787072171055.jpg,20,3
booth08_a1_1787070145436.jpg,booth10_a1_1787072215608.jpg,15,3
booth08_a1_1787070145436.jpg,booth11_a3_1787072531860.jpg,19,3
booth08_a1_1787070145436.jpg,booth12_a1_1787072574121.jpg,17,3
booth08_a1_1787070145436.jpg,booth11_a2_1787072522975.jpg,17,3
booth08_a1_1787070145436.jpg,booth12_a3_1787072832412.jpg,16,3
booth08_a1_1787070145436.jpg,booth13_a1_1787070148283.jpg,20,3
booth08_a1_1787070145436.jpg,booth12_a2_1787072821602.jpg,15,3
booth08_a1_1787070145436.jpg,booth15_a3_1787073807719.jpg,18,3
booth08_a1_1787070145436.jpg,booth16_a3_1787073886620.jpg,18,3
booth08_a1_1787070145436.jpg,booth17_a1_1787070145827.jpg,24,3
booth08_a1_1787070145436.jpg,booth16_a2_1787073875235.jpg,16,3
booth09_a1_1787072159575.jpg,booth08_a2_1787070160492.jpg,15,3
booth09_a1_1787072159575.jpg,booth07_a2_1787071748400.jpg,18,3
booth09_a1_1787072159575.jpg,booth09_a2_1787072171055.jpg,31,3
booth09_a1_1787072159575.jpg,booth10_a1_1787072215608.jpg,26,3
booth09_a1_1787072159575.jpg,booth10_a3_1787072470284.jpg,17,3
booth09_a1_1787072159575.jpg,booth10_a2_1787072461761.jpg,15,3
booth09_a1_1787072159575.jpg,booth11_a1_1787072510070.jpg,18,3
booth09_a1_1787072159575.jpg,booth11_a3_1787072531860.jpg,20,3
booth09_a1_1787072159575.jpg,booth12_a1_1787072574121.jpg,18,3
booth09_a1_1787072159575.jpg,booth11_a2_1787072522975.jpg,22,3
booth09_a1_1787072159575.jpg,booth12_a3_1787072832412.jpg,26,3
booth09_a1_1787072159575.jpg,booth13_a1_1787070148283.jpg,19,3
booth09_a1_1787072159575.jpg,booth12_a2_1787072821602.jpg,21,3
booth09_a1_1787072159575.jpg,booth13_a3_1787072876447.jpg,20,3
booth09_a1_1787072159575.jpg,booth15_a2_1787073799068.jpg,17,3
booth09_a1_1787072159575.jpg,booth16_a3_1787073886620.jpg,19,3
booth09_a1_1787072159575.jpg,booth16_a1_1787073863197.jpg,18,3
booth09_a1_1787072159575.jpg,booth16_a2_1787073875235.jpg,17,3
booth09_a1_1787072159575.jpg,booth17_a2_1787070163341.jpg,19,3
booth08_a2_1787070160492.jpg,booth07_a2_1787071748400.jpg,19,3
booth08_a2_1787070160492.jpg,booth09_a2_1787072171055.jpg,17,3
booth08_a2_1787070160492.jpg,booth10_a3_1787072470284.jpg,19,3
booth08_a2_1787070160492.jpg,booth11_a1_1787072510070.jpg,16,3
booth08_a2_1787070160492.jpg,booth11_a3_1787072531860.jpg,19,3
booth08_a2_1787070160492.jpg,booth12_a1_1787072574121.jpg,17,3
booth08_a2_1787070160492.jpg,booth11_a2_1787072522975.jpg,22,3
booth08_a2_1787070160492.jpg,booth13_a1_1787070148283.jpg,16,3
booth08_a2_1787070160492.jpg,booth12_a2_1787072821602.jpg,16,3
booth08_a2_1787070160492.jpg,booth13_a3_1787072876447.jpg,17,3
booth08_a2_1787070160492.jpg,booth13_a2_1787070161777.jpg,15,3
booth08_a2_1787070160492.jpg,booth15_a3_1787073807719.jpg,16,3
booth08_a2_1787070160492.jpg,booth15_a2_1787073799068.jpg,23,3
booth08_a2_1787070160492.jpg,booth16_a3_1787073886620.jpg,16,3
booth08_a2_1787070160492.jpg,booth16_a1_1787073863197.jpg,15,3
booth08_a2_1787070160492.jpg,booth15_a1_1787073788540.jpg,20,3
booth07_a2_1787071748400.jpg,booth09_a2_1787072171055.jpg,17,3
booth07_a2_1787071748400.jpg,booth10_a3_1787072470284.jpg,15,3
booth07_a2_1787071748400.jpg,booth11_a1_1787072510070.jpg,16,3
booth07_a2_1787071748400.jpg,booth11_a3_1787072531860.jpg,23,3
booth07_a2_1787071748400.jpg,booth12_a1_1787072574121.jpg,17,3
booth07_a2_1787071748400.jpg,booth11_a2_1787072522975.jpg,19,3
booth07_a2_1787071748400.jpg,booth12_a3_1787072832412.jpg,28,3
booth07_a2_1787071748400.jpg,booth13_a1_1787070148283.jpg,15,3
booth07_a2_1787071748400.jpg,booth12_a2_1787072821602.jpg,27,3
booth07_a2_1787071748400.jpg,booth15_a2_1787073799068.jpg,17,3
booth07_a2_1787071748400.jpg,booth16_a3_1787073886620.jpg,20,3
booth07_a2_1787071748400.jpg,booth16_a1_1787073863197.jpg,20,3
booth07_a2_1787071748400.jpg,booth16_a2_1787073875235.jpg,16,3
booth07_a2_1787071748400.jpg,booth17_a2_1787070163341.jpg,15,3
booth09_a2_1787072171055.jpg,booth10_a1_1787072215608.jpg,16,3
booth09_a2_1787072171055.jpg,booth10_a2_1787072461761.jpg,15,3
booth09_a2_1787072171055.jpg,booth11_a1_1787072510070.jpg,15,3
booth09_a2_1787072171055.jpg,booth11_a2_1787072522975.jpg,16,3
booth09_a2_1787072171055.jpg,booth12_a2_1787072821602.jpg,15,3
booth09_a2_1787072171055.jpg,booth14_a1_1787072887703.jpg,15,3
booth09_a2_1787072171055.jpg,booth17_a1_1787070145827.jpg,15,3
booth10_a1_1787072215608.jpg,booth10_a3_1787072470284.jpg,233,3
booth10_a1_1787072215608.jpg,booth10_a2_1787072461761.jpg,16,3
booth10_a1_1787072215608.jpg,booth11_a1_1787072510070.jpg,26,3
booth10_a1_1787072215608.jpg,booth11_a3_1787072531860.jpg,29,3
booth10_a1_1787072215608.jpg,booth12_a1_1787072574121.jpg,15,3
booth10_a1_1787072215608.jpg,booth11_a2_1787072522975.jpg,31,3
booth10_a1_1787072215608.jpg,booth17_a2_1787070163341.jpg,17,3
booth10_a3_1787072470284.jpg,booth10_a2_1787072461761.jpg,15,3
booth10_a3_1787072470284.jpg,booth11_a1_1787072510070.jpg,29,3
booth10_a3_1787072470284.jpg,booth11_a3_1787072531860.jpg,31,3
booth10_a3_1787072470284.jpg,booth12_a1_1787072574121.jpg,20,3
booth10_a3_1787072470284.jpg,booth11_a2_1787072522975.jpg,33,3
booth10_a3_1787072470284.jpg,booth12_a3_1787072832412.jpg,16,3
booth10_a3_1787072470284.jpg,booth13_a3_1787072876447.jpg,21,3
booth10_a3_1787072470284.jpg,booth16_a3_1787073886620.jpg,15,3
booth10_a3_1787072470284.jpg,booth17_a2_1787070163341.jpg,20,3
booth10_a2_1787072461761.jpg,booth11_a1_1787072510070.jpg,23,3
booth10_a2_1787072461761.jpg,booth11_a2_1787072522975.jpg,15,3
booth10_a2_1787072461761.jpg,booth12_a3_1787072832412.jpg,15,3
booth10_a2_1787072461761.jpg,booth17_a2_1787070163341.jpg,15,3
booth11_a1_1787072510070.jpg,booth11_a3_1787072531860.jpg,463,6
booth11_a1_1787072510070.jpg,booth12_a1_1787072574121.jpg,29,3
booth11_a1_1787072510070.jpg,booth11_a2_1787072522975.jpg,51,3
booth11_a1_1787072510070.jpg,booth12_a3_1787072832412.jpg,15,3
booth11_a1_1787072510070.jpg,booth13_a1_1787070148283.jpg,19,3
booth11_a1_1787072510070.jpg,booth12_a2_1787072821602.jpg,16,3
booth11_a1_1787072510070.jpg,booth16_a3_1787073886620.jpg,15,3
booth11_a1_1787072510070.jpg,booth16_a1_1787073863197.jpg,17,3
booth11_a1_1787072510070.jpg,booth17_a1_1787070145827.jpg,19,3
booth11_a1_1787072510070.jpg,booth16_a2_1787073875235.jpg,17,3
booth11_a1_1787072510070.jpg,booth17_a2_1787070163341.jpg,17,3
booth11_a3_1787072531860.jpg,booth12_a1_1787072574121.jpg,27,3
booth11_a3_1787072531860.jpg,booth11_a2_1787072522975.jpg,76,3
booth11_a3_1787072531860.jpg,booth12_a3_1787072832412.jpg,27,3
booth11_a3_1787072531860.jpg,booth13_a1_1787070148283.jpg,25,3
booth11_a3_1787072531860.jpg,booth12_a2_1787072821602.jpg,22,3
booth11_a3_1787072531860.jpg,booth13_a3_1787072876447.jpg,19,3
booth11_a3_1787072531860.jpg,booth13_a2_1787070161777.jpg,20,3
booth11_a3_1787072531860.jpg,booth16_a3_1787073886620.jpg,28,3
booth11_a3_1787072531860.jpg,booth17_a1_1787070145827.jpg,15,3
booth11_a3_1787072531860.jpg,booth17_a2_1787070163341.jpg,17,3
booth12_a1_1787072574121.jpg,booth11_a2_1787072522975.jpg,25,3
booth12_a1_1787072574121.jpg,booth12_a3_1787072832412.jpg,22,3
booth12_a1_1787072574121.jpg,booth13_a1_1787070148283.jpg,24,3
booth12_a1_1787072574121.jpg,booth12_a2_1787072821602.jpg,21,3
booth12_a1_1787072574121.jpg,booth13_a3_1787072876447.jpg,19,3
booth12_a1_1787072574121.jpg,booth13_a2_1787070161777.jpg,25,3
booth12_a1_1787072574121.jpg,booth15_a2_1787073799068.jpg,17,3
booth12_a1_1787072574121.jpg,booth16_a3_1787073886620.jpg,28,3
booth12_a1_1787072574121.jpg,booth16_a1_1787073863197.jpg,17,3
booth12_a1_1787072574121.jpg,booth14_a2_1787072899193.jpg,15,3
booth12_a1_1787072574121.jpg,booth16_a2_1787073875235.jpg,21,3
booth11_a2_1787072522975.jpg,booth12_a3_1787072832412.jpg,20,3
booth11_a2_1787072522975.jpg,booth13_a1_1787070148283.jpg,19,3
booth11_a2_1787072522975.jpg,booth12_a2_1787072821602.jpg,23,3
booth11_a2_1787072522975.jpg,booth13_a3_1787072876447.jpg,16,3
booth11_a2_1787072522975.jpg,booth13_a2_1787070161777.jpg,19,3
booth11_a2_1787072522975.jpg,booth15_a2_1787073799068.jpg,15,3
booth11_a2_1787072522975.jpg,booth16_a3_1787073886620.jpg,26,3
booth11_a2_1787072522975.jpg,booth17_a1_1787070145827.jpg,15,3
booth11_a2_1787072522975.jpg,booth16_a2_1787073875235.jpg,24,3
booth11_a2_1787072522975.jpg,booth17_a2_1787070163341.jpg,18,3
booth12_a3_1787072832412.jpg,booth13_a1_1787070148283.jpg,17,3
booth12_a3_1787072832412.jpg,booth12_a2_1787072821602.jpg,34,3
booth12_a3_1787072832412.jpg,booth13_a3_1787072876447.jpg,21,3
booth12_a3_1787072832412.jpg,booth13_a2_1787070161777.jpg,15,3
booth12_a3_1787072832412.jpg,booth14_a1_1787072887703.jpg,17,3
booth12_a3_1787072832412.jpg,booth16_a3_1787073886620.jpg,29,3
booth12_a3_1787072832412.jpg,booth16_a1_1787073863197.jpg,17,3
booth12_a3_1787072832412.jpg,booth16_a2_1787073875235.jpg,16,3
booth13_a1_1787070148283.jpg,booth12_a2_1787072821602.jpg,20,3
booth13_a1_1787070148283.jpg,booth13_a3_1787072876447.jpg,54,3
booth13_a1_1787070148283.jpg,booth13_a2_1787070161777.jpg,22,3
booth13_a1_1787070148283.jpg,booth15_a3_1787073807719.jpg,19,3
booth13_a1_1787070148283.jpg,booth16_a3_1787073886620.jpg,19,3
booth13_a1_1787070148283.jpg,booth15_a1_1787073788540.jpg,17,3
booth13_a1_1787070148283.jpg,booth16_a2_1787073875235.jpg,20,3
booth13_a1_1787070148283.jpg,booth18_a1_1787074134093.jpg,16,3
booth12_a2_1787072821602.jpg,booth13_a3_1787072876447.jpg,16,3
booth12_a2_1787072821602.jpg,booth13_a2_1787070161777.jpg,18,3
booth12_a2_1787072821602.jpg,booth14_a1_1787072887703.jpg,15,3
booth12_a2_1787072821602.jpg,booth15_a2_1787073799068.jpg,15,3
booth12_a2_1787072821602.jpg,booth16_a3_1787073886620.jpg,33,3
booth12_a2_1787072821602.jpg,booth16_a1_1787073863197.jpg,22,3
booth12_a2_1787072821602.jpg,booth16_a2_1787073875235.jpg,18,3
booth12_a2_1787072821602.jpg,booth17_a2_1787070163341.jpg,19,3
booth13_a3_1787072876447.jpg,booth13_a2_1787070161777.jpg,21,3
booth13_a3_1787072876447.jpg,booth16_a3_1787073886620.jpg,19,3
booth13_a3_1787072876447.jpg,booth16_a2_1787073875235.jpg,17,3
booth13_a3_1787072876447.jpg,booth17_a2_1787070163341.jpg,16,3
booth13_a2_1787070161777.jpg,booth16_a1_1787073863197.jpg,18,3
booth13_a2_1787070161777.jpg,booth16_a2_1787073875235.jpg,21,3
booth13_a2_1787070161777.jpg,booth17_a2_1787070163341.jpg,17,3
booth14_a3_1787072979702.jpg,booth14_a1_1787072887703.jpg,198,3
booth15_a3_1787073807719.jpg,booth16_a3_1787073886620.jpg,17,3
booth15_a3_1787073807719.jpg,booth15_a1_1787073788540.jpg,27,3
booth15_a2_1787073799068.jpg,booth16_a3_1787073886620.jpg,20,3
booth15_a2_1787073799068.jpg,booth17_a1_1787070145827.jpg,15,3
booth15_a2_1787073799068.jpg,booth15_a1_1787073788540.jpg,18,3
booth15_a2_1787073799068.jpg,booth16_a2_1787073875235.jpg,15,3
booth15_a2_1787073799068.jpg,booth17_a2_1787070163341.jpg,21,3
booth15_a2_1787073799068.jpg,booth18_a1_1787074134093.jpg,21,3
booth16_a3_1787073886620.jpg,booth16_a1_1787073863197.jpg,18,3
booth16_a3_1787073886620.jpg,booth16_a2_1787073875235.jpg,19,3
booth16_a3_1787073886620.jpg,booth17_a2_1787070163341.jpg,19,3
booth16_a3_1787073886620.jpg,booth18_a1_1787074134093.jpg,15,3
booth16_a1_1787073863197.jpg,booth16_a2_1787073875235.jpg,20,3
booth17_a1_1787070145827.jpg,booth15_a1_1787073788540.jpg,17,3
booth17_a1_1787070145827.jpg,booth17_a2_1787070163341.jpg,28,3
booth15_a1_1787073788540.jpg,booth17_a2_1787070163341.jpg,17,3
booth15_a1_1787073788540.jpg,booth18_a1_1787074134093.jpg,21,3
booth17_a2_1787070163341.jpg,booth18_a1_1787074134093.jpg,22,3
