src_id,dst_id,sift_raw,sift_good,sift_inliers,sift_inlier_ratio,orb_matches,f_inliers,e_inliers,opencv_confidence,relative_yaw,relative_pitch,relative_roll,sensor_delta,sensor_visual_residual,reprojection_residual,parallax_indicator
C040,C040,1564,1564,1564,1.0,2000,1564,1564,3.0,0.0,0.0,0.0,0.0,0.0,0.0,SELF
C040,C041,1564,407,331,0.813,750,343,370,1.0,-7.22,0.79,-0.89,9.0,16.22,1.46,PURE_ROTATION_STABLE
C040,C042,1564,275,168,0.611,444,211,215,1.0,-11.57,1.15,-0.91,17.3,28.87,1.48,PURE_ROTATION_STABLE
C040,C043,1564,170,88,0.518,250,109,127,1.0,-18.0,1.99,-1.33,26.8,44.8,1.69,PURE_ROTATION_STABLE
C040,C001,1564,36,7,0.194,10,10,10,0.0,3.74,-54.02,116.92,36.4,32.66,0.75,SIGNIFICANT_PARALLAX (Translation dominant)
C040,C002,1564,24,6,0.25,12,10,11,0.0,4.46,-10.53,-24.15,40.6,36.14,0.92,SIGNIFICANT_PARALLAX (Translation dominant)
C040,C003,1564,25,7,0.28,11,11,12,0.0,43.32,26.87,-35.89,44.9,1.58,0.21,SIGNIFICANT_PARALLAX (Translation dominant)
C040,C004,1564,24,5,0.208,18,9,9,0.0,-12.18,31.16,60.04,56.3,68.48,0.94,SIGNIFICANT_PARALLAX (Translation dominant)
C040,C005,1564,40,16,0.4,16,16,21,0.0,58.12,-65.52,72.29,61.2,3.08,0.7,PURE_ROTATION_STABLE
C041,C040,1460,393,295,0.751,723,345,356,1.0,6.64,-0.98,0.92,-9.0,15.64,1.37,PURE_ROTATION_STABLE
C041,C041,1460,1460,1460,1.0,2000,1460,1460,3.0,0.0,0.0,0.0,0.0,0.0,0.0,SELF
C041,C042,1460,470,408,0.868,882,412,432,1.0,-4.8,0.14,-0.0,8.3,13.1,1.26,PURE_ROTATION_STABLE
C041,C043,1460,340,268,0.788,474,282,308,1.0,-10.76,0.82,-0.49,17.8,28.56,1.37,PURE_ROTATION_STABLE
C041,C001,1460,30,5,0.167,17,11,9,0.0,137.01,-36.77,-30.67,27.4,109.61,0.22,SIGNIFICANT_PARALLAX (Translation dominant)
C041,C002,1460,28,6,0.214,13,11,9,0.0,115.13,-33.72,-41.3,31.6,83.53,0.69,SIGNIFICANT_PARALLAX (Translation dominant)
C041,C003,1460,14,6,0.429,22,8,9,0.0,34.68,13.6,-83.19,35.9,1.22,0.27,SIGNIFICANT_PARALLAX (Translation dominant)
C041,C004,1460,13,5,0.385,15,8,8,0.0,-110.54,17.3,-175.22,47.3,157.84,0.0,SIGNIFICANT_PARALLAX (Translation dominant)
C041,C005,1460,49,14,0.286,10,19,23,0.0,13.92,-28.97,-15.24,52.2,38.28,1.2,SIGNIFICANT_PARALLAX (Translation dominant)
C042,C040,1284,265,175,0.66,475,206,224,1.0,11.88,-1.3,0.57,-17.3,29.18,1.74,PURE_ROTATION_STABLE
C042,C041,1284,443,378,0.853,874,388,407,1.0,4.68,-0.3,-0.03,-8.3,12.98,1.24,PURE_ROTATION_STABLE
C042,C042,1284,1284,1284,1.0,2000,1284,1284,3.0,0.0,0.0,0.0,0.0,0.0,0.0,SELF
C042,C043,1284,398,353,0.887,802,362,373,1.0,-5.83,0.34,-0.55,9.5,15.33,1.01,PURE_ROTATION_STABLE
C042,C001,1284,32,7,0.219,17,11,10,0.0,35.32,28.36,-39.35,19.1,16.22,0.54,SIGNIFICANT_PARALLAX (Translation dominant)
C042,C002,1284,15,5,0.333,16,9,7,0.0,-136.52,-47.9,-115.39,23.3,159.82,0.52,SIGNIFICANT_PARALLAX (Translation dominant)
C042,C003,1284,5,0,0.0,21,0,0,0.0,0.0,0.0,0.0,27.6,27.6,0.0,INSUFFICIENT_CORRESPONDENCES
C042,C004,1284,11,5,0.455,17,7,6,0.0,-9.68,-11.1,105.85,39.0,48.68,0.32,SIGNIFICANT_PARALLAX (Translation dominant)
C042,C005,1284,24,4,0.167,19,10,9,0.0,-41.21,-58.48,12.0,43.9,85.11,0.88,SIGNIFICANT_PARALLAX (Translation dominant)
C043,C040,1321,163,85,0.521,257,111,129,1.0,17.78,-1.89,1.31,-26.8,44.58,1.66,SIGNIFICANT_PARALLAX (Translation dominant)
C043,C041,1321,317,257,0.811,510,269,290,1.0,10.69,-0.37,0.45,-17.8,28.49,1.44,PURE_ROTATION_STABLE
C043,C042,1321,411,360,0.876,761,383,383,1.0,5.96,-0.56,0.47,-9.5,15.46,0.99,PURE_ROTATION_STABLE
C043,C043,1321,1321,1321,1.0,2000,1321,1321,3.0,0.0,0.0,0.0,0.0,0.0,0.0,SELF
C043,C001,1321,29,5,0.172,14,10,9,0.0,132.01,-2.72,162.1,9.6,122.41,0.39,SIGNIFICANT_PARALLAX (Translation dominant)
C043,C002,1321,23,5,0.217,15,10,9,0.0,55.41,12.2,-16.2,13.8,41.61,1.02,SIGNIFICANT_PARALLAX (Translation dominant)
C043,C003,1321,23,5,0.217,12,9,9,0.0,161.3,25.41,-47.7,18.1,143.2,0.0,SIGNIFICANT_PARALLAX (Translation dominant)
C043,C004,1321,8,4,0.5,6,7,6,0.0,22.63,-7.46,95.96,29.5,6.87,0.0,SIGNIFICANT_PARALLAX (Translation dominant)
C043,C005,1321,22,6,0.273,9,10,9,0.0,-60.96,27.02,116.82,34.4,95.36,0.13,SIGNIFICANT_PARALLAX (Translation dominant)
C001,C040,1936,55,10,0.182,11,13,15,0.0,-26.49,-41.94,-76.93,-36.4,9.91,0.4,WEAK_ROTATION
C001,C041,1936,54,12,0.222,13,12,19,0.0,22.18,60.87,-151.87,-27.4,49.58,0.23,WEAK_ROTATION
C001,C042,1936,115,67,0.583,13,42,74,0.0,-153.6,6.15,6.11,-19.1,134.5,0.04,PURE_ROTATION_STABLE
C001,C043,1936,58,18,0.31,24,12,23,0.0,114.61,-7.31,-6.17,-9.6,124.21,0.96,PURE_ROTATION_STABLE
C001,C001,1936,1936,1936,1.0,2000,1936,1936,3.0,0.0,0.0,0.0,0.0,0.0,0.0,SELF
C001,C002,1936,704,628,0.892,907,637,641,1.0,-2.36,-0.62,-0.26,4.2,6.56,0.63,PURE_ROTATION_STABLE
C001,C003,1936,523,453,0.866,602,456,465,1.0,-8.99,-0.13,-0.86,8.5,17.49,0.79,PURE_ROTATION_STABLE
C001,C004,1936,424,365,0.861,403,364,376,1.0,-17.29,0.78,-2.76,19.9,37.19,0.78,PURE_ROTATION_STABLE
C001,C005,1936,264,184,0.697,237,188,193,1.0,-25.45,0.11,-3.78,24.8,50.25,1.01,PURE_ROTATION_STABLE
C002,C040,2373,51,5,0.098,22,12,18,0.0,84.49,30.72,-159.36,-40.6,125.09,1.76,SIGNIFICANT_PARALLAX (Translation dominant)
C002,C041,2373,72,23,0.319,24,12,31,0.0,-114.25,-34.1,11.65,-31.6,82.65,1.1,PURE_ROTATION_STABLE
C002,C042,2373,126,14,0.111,22,39,74,0.0,-115.32,-43.42,179.1,-23.3,92.02,2.22,SIGNIFICANT_PARALLAX (Translation dominant)
C002,C043,2373,80,24,0.3,24,16,33,0.0,-37.64,-60.39,-27.76,-13.8,23.84,0.46,PURE_ROTATION_STABLE
C002,C001,2373,744,635,0.853,893,646,650,1.0,2.38,0.64,0.28,-4.2,6.58,0.63,PURE_ROTATION_STABLE
C002,C002,2373,2373,2373,1.0,2000,2373,2373,3.0,0.0,0.0,0.0,0.0,0.0,0.0,SELF
C002,C003,2373,824,739,0.897,784,752,757,1.0,-6.56,0.64,-0.61,4.3,10.86,0.55,PURE_ROTATION_STABLE
C002,C004,2373,700,610,0.871,446,619,627,1.0,-14.92,1.78,-2.43,15.7,30.62,0.67,PURE_ROTATION_STABLE
C002,C005,2373,441,348,0.789,256,356,364,1.0,-23.27,1.06,-3.57,20.6,43.87,0.86,PURE_ROTATION_STABLE
C003,C040,2657,68,12,0.176,11,16,19,0.0,102.23,-5.21,30.44,-44.9,147.13,0.29,SIGNIFICANT_PARALLAX (Translation dominant)
C003,C041,2657,76,20,0.263,34,14,29,0.0,48.12,-43.19,179.13,-35.9,84.02,0.92,PURE_ROTATION_STABLE
C003,C042,2657,132,79,0.598,22,31,86,0.0,-51.39,24.11,168.25,-27.6,23.79,0.19,PURE_ROTATION_STABLE
C003,C043,2657,86,28,0.326,15,16,35,0.0,115.33,23.91,-35.53,-18.1,133.43,0.07,PURE_ROTATION_STABLE
C003,C001,2657,568,446,0.785,548,456,468,1.0,8.96,0.03,0.89,-8.5,17.46,0.85,PURE_ROTATION_STABLE
C003,C002,2657,823,724,0.88,729,733,739,1.0,6.57,-0.64,0.55,-4.3,10.87,0.56,PURE_ROTATION_STABLE
C003,C003,2657,2657,2657,1.0,2000,2657,2657,3.0,0.0,0.0,0.0,0.0,0.0,0.0,SELF
C003,C004,2657,980,905,0.923,653,911,915,1.0,-8.3,1.19,-1.72,11.4,19.7,0.57,PURE_ROTATION_STABLE
C003,C005,2657,648,544,0.84,410,551,560,1.0,-16.62,0.64,-2.86,16.3,32.92,0.77,PURE_ROTATION_STABLE
C004,C040,2671,70,10,0.143,23,14,22,0.0,-53.84,-1.43,-173.1,-56.3,2.46,2.46,SIGNIFICANT_PARALLAX (Translation dominant)
C004,C041,2671,94,20,0.213,20,15,28,0.0,61.19,-24.63,-39.58,-47.3,108.49,1.23,PURE_ROTATION_STABLE
C004,C042,2671,158,96,0.608,29,57,109,0.0,58.84,62.96,22.03,-39.0,97.84,0.51,PURE_ROTATION_STABLE
C004,C043,2671,89,20,0.225,13,16,32,0.0,119.83,-29.91,-72.16,-29.5,149.33,0.03,PURE_ROTATION_STABLE
C004,C001,2671,483,377,0.781,344,385,394,1.0,17.23,-1.52,2.4,-19.9,37.13,0.82,PURE_ROTATION_STABLE
C004,C002,2671,716,605,0.845,430,619,620,1.0,14.81,-2.23,1.93,-15.7,30.51,0.72,PURE_ROTATION_STABLE
C004,C003,2671,1010,914,0.905,645,916,928,1.0,8.26,-1.44,1.52,-11.4,19.66,0.59,PURE_ROTATION_STABLE
C004,C004,2671,2671,2671,1.0,2000,2671,2671,3.0,0.0,0.0,0.0,0.0,0.0,0.0,SELF
C004,C005,2671,779,687,0.882,662,699,711,1.0,-8.19,-0.34,-1.28,4.9,13.09,0.67,PURE_ROTATION_STABLE
C005,C040,2343,71,13,0.183,27,14,22,0.0,-88.58,-2.1,111.08,-61.2,27.38,1.23,WEAK_ROTATION
C005,C041,2343,110,9,0.082,26,15,30,0.0,-102.93,11.36,157.37,-52.2,50.73,1.8,SIGNIFICANT_PARALLAX (Translation dominant)
C005,C042,2343,130,72,0.554,25,50,87,0.0,-118.6,23.35,170.24,-43.9,74.7,1.47,PURE_ROTATION_STABLE
C005,C043,2343,78,19,0.244,18,17,30,0.0,-48.98,-11.31,-106.92,-34.4,14.58,0.31,PURE_ROTATION_STABLE
C005,C001,2343,286,182,0.636,220,195,197,1.0,25.36,-1.81,3.37,-24.8,50.16,1.0,PURE_ROTATION_STABLE
C005,C002,2343,393,303,0.771,276,323,326,1.0,23.01,-2.08,2.81,-20.6,43.61,0.99,PURE_ROTATION_STABLE
C005,C003,2343,605,515,0.851,439,525,531,1.0,16.61,-1.49,2.52,-16.3,32.91,0.81,PURE_ROTATION_STABLE
C005,C004,2343,760,677,0.891,736,693,695,1.0,8.27,0.05,1.3,-4.9,13.17,0.65,PURE_ROTATION_STABLE
C005,C005,2343,2343,2343,1.0,2000,2343,2343,3.0,0.0,0.0,0.0,0.0,0.0,0.0,SELF
